resume_text,jd_text,score
Resume skills: react power bi data cleaning sql java node c++,Job requires: react azure sql ml data cleaning pandas,58
Resume skills: excel java javascript pandas machine learning docker deep learning,Job requires: c++ javascript excel power bi sql java machine learning react,94
Resume skills: ml python data cleaning machine learning java power bi c++,Job requires: data analysis java azure power bi javascript,68
Resume skills: machine learning css sql docker power bi javascript html ml data analysis numpy,Job requires: javascript pandas java ml excel git,60
Resume skills: deep learning python node ml git css pandas java power bi,Job requires: azure data cleaning html deep learning numpy pandas java aws docker git,88
Resume skills: excel deep learning node pandas numpy machine learning power bi css,Job requires: data analysis python pandas node html data cleaning docker java,59
Resume skills: machine learning c++ azure data cleaning python javascript node html numpy,Job requires: azure power bi node docker html deep learning pandas,89
Resume skills: react css docker power bi machine learning aws java data analysis,Job requires: aws machine learning docker c++ numpy html css react deep learning,52
Resume skills: data analysis c++ deep learning data cleaning docker html node azure numpy excel,Job requires: deep learning power bi git css machine learning data analysis python,71
Resume skills: data cleaning machine learning ml javascript react azure git c++ docker,Job requires: css c++ html data cleaning node java deep learning excel aws,42
Resume skills: c++ git deep learning data cleaning docker azure,Job requires: java html machine learning git react pandas javascript deep learning data analysis node,61
Resume skills: python machine learning javascript sql azure power bi c++ pandas git,Job requires: git java css html javascript data analysis,85
Resume skills: data cleaning javascript python machine learning html,Job requires: excel javascript aws git react java azure python,44
Resume skills: machine learning sql azure data cleaning docker numpy power bi,Job requires: data analysis machine learning html git pandas aws ml react,50
Resume skills: ml react azure java machine learning docker,Job requires: pandas excel power bi javascript sql data cleaning python c++,33
Resume skills: power bi python git pandas sql,Job requires: html java azure javascript git aws docker pandas data cleaning,71
Resume skills: ml azure c++ data cleaning numpy excel power bi javascript aws,Job requires: deep learning python git aws javascript c++ css,34
Resume skills: aws java css deep learning machine learning azure power bi,Job requires: ml deep learning python machine learning aws azure javascript sql data cleaning docker,65
Resume skills: node azure sql data analysis deep learning java machine learning ml,Job requires: css pandas data analysis ml python numpy c++ html,80
Resume skills: data analysis sql javascript ml react git machine learning pandas html,Job requires: python data cleaning c++ data analysis git css pandas react aws,41
Resume skills: sql numpy docker css html,Job requires: pandas git sql java c++,33
Resume skills: numpy c++ java javascript machine learning azure css python,Job requires: ml power bi python css aws,85
Resume skills: git excel azure c++ javascript,Job requires: c++ git html docker pandas power bi aws data analysis python,68
Resume skills: java pandas html power bi sql numpy docker css data analysis,Job requires: deep learning data analysis data cleaning java pandas azure css c++ git numpy,47
Resume skills: pandas java machine learning data cleaning javascript azure docker,Job requires: ml excel react data cleaning pandas,94
Resume skills: numpy python pandas data analysis aws git,Job requires: excel ml machine learning javascript java node aws html,59
Resume skills: css git c++ data cleaning node,Job requires: deep learning css machine learning data cleaning react numpy c++ html javascript,52
Resume skills: c++ pandas excel sql data cleaning numpy react,Job requires: power bi aws ml excel node docker,73
Resume skills: javascript data analysis node html sql python data cleaning azure aws git,Job requires: power bi react azure node excel data analysis sql pandas html,57
Resume skills: azure react html node data analysis deep learning javascript machine learning,Job requires: excel machine learning node html pandas git,51
Resume skills: javascript node git power bi data analysis numpy docker deep learning sql,Job requires: ml deep learning javascript excel python,53
Resume skills: excel aws deep learning numpy machine learning c++ git,Job requires: html azure sql data analysis power bi,76
Resume skills: deep learning power bi css java c++ data analysis,Job requires: machine learning ml git aws css pandas azure,74
Resume skills: react node azure power bi deep learning numpy python java pandas ml,Job requires: git docker aws python deep learning react javascript node excel,53
Resume skills: sql deep learning node react ml css numpy pandas html,Job requires: azure html ml numpy pandas deep learning aws,91
Resume skills: git c++ data analysis aws azure node css deep learning ml,Job requires: html docker react css aws,60
Resume skills: git javascript deep learning html numpy python data cleaning pandas react,Job requires: excel data analysis docker node react,65
Resume skills: html css javascript machine learning data cleaning numpy aws c++,Job requires: node c++ data cleaning css deep learning ml javascript,56
Resume skills: ml python react deep learning data cleaning,Job requires: docker css data analysis ml azure c++ power bi pandas machine learning,62
Resume skills: excel azure docker python git,Job requires: data analysis power bi azure numpy c++,49
Resume skills: git deep learning ml power bi pandas excel python,Job requires: node css python data cleaning sql git c++ react docker,74
Resume skills: docker data analysis deep learning power bi git javascript,Job requires: python java css html node react pandas docker git ml,66
Resume skills: git javascript pandas azure machine learning html,Job requires: c++ javascript sql react machine learning aws,63
Resume skills: azure data analysis aws git power bi javascript sql,Job requires: html excel azure python sql css javascript,38
Resume skills: docker azure ml react excel css git,Job requires: azure numpy aws docker data cleaning sql ml html,48
Resume skills: azure excel ml html python deep learning git data cleaning machine learning javascript,Job requires: sql html power bi excel react data cleaning ml css pandas javascript,88
Resume skills: power bi react excel git css python html java data analysis,Job requires: javascript aws css sql deep learning html data analysis,93
Resume skills: numpy css javascript data analysis pandas azure java power bi python excel,Job requires: node docker javascript machine learning html deep learning css java,70
Resume skills: numpy pandas node css javascript c++ sql,Job requires: data analysis power bi java deep learning html react excel javascript machine learning,59
Resume skills: node docker c++ python data analysis css git,Job requires: azure pandas excel html css git node,83
Resume skills: power bi docker numpy excel git sql machine learning ml data analysis,Job requires: git data cleaning pandas numpy excel sql node c++ data analysis ml,41
Resume skills: sql ml python pandas git data analysis numpy java c++ aws,Job requires: python pandas machine learning sql azure ml html data analysis,44
Resume skills: css javascript data analysis react power bi java,Job requires: deep learning docker numpy python node power bi,68
Resume skills: react power bi sql pandas html javascript python numpy data cleaning azure,Job requires: ml javascript java docker sql machine learning c++ deep learning aws,95
Resume skills: numpy data analysis css docker excel ml aws power bi python java,Job requires: machine learning excel numpy python react,39
Resume skills: deep learning react node sql css git python excel ml html,Job requires: numpy node ml data analysis power bi deep learning css git aws,40
Resume skills: git numpy deep learning power bi node javascript c++ docker machine learning html,Job requires: node html python java pandas power bi c++ docker ml,87
Resume skills: power bi azure c++ javascript python git machine learning html data cleaning sql,Job requires: excel react html data cleaning python data analysis docker,44
Resume skills: power bi docker azure javascript sql,Job requires: aws numpy pandas azure css java data cleaning data analysis docker react,40
Resume skills: git data analysis sql power bi java ml aws,Job requires: excel sql pandas python javascript data cleaning azure,68
Resume skills: python data cleaning excel c++ ml node azure deep learning,Job requires: data analysis deep learning ml git machine learning docker javascript,32
Resume skills: deep learning data analysis java html node data cleaning ml power bi,Job requires: power bi ml data analysis git machine learning numpy c++ node,34
Resume skills: numpy data cleaning excel power bi css pandas machine learning html react python,Job requires: data analysis power bi machine learning javascript sql python,87
Resume skills: machine learning ml python docker azure html data analysis node pandas,Job requires: java excel deep learning numpy css aws data cleaning node power bi,68
Resume skills: java sql azure c++ react data cleaning docker,Job requires: sql java html pandas react machine learning aws power bi,39
Resume skills: power bi data analysis react deep learning java machine learning css node c++,Job requires: azure docker data analysis node css git,56
Resume skills: numpy data analysis ml data cleaning python docker css javascript java,Job requires: javascript c++ java azure node,44
Resume skills: c++ git java pandas aws data cleaning excel azure,Job requires: data cleaning python data analysis react ml sql,84
Resume skills: sql react deep learning docker html python power bi git aws java,Job requires: html data cleaning numpy pandas node sql docker python excel,69
Resume skills: aws sql java data cleaning html python node power bi,Job requires: aws machine learning sql ml css docker html,35
Resume skills: numpy c++ python data analysis node ml,Job requires: aws data analysis html node javascript sql pandas excel machine learning,83
Resume skills: excel c++ deep learning sql git javascript java css,Job requires: data cleaning docker excel ml html aws css azure,87
Resume skills: deep learning css power bi numpy data analysis azure sql docker pandas,Job requires: java git machine learning power bi pandas azure python javascript,43
Resume skills: aws c++ numpy data analysis azure deep learning ml git,Job requires: java sql pandas machine learning excel html,52
Resume skills: react python aws machine learning power bi node deep learning pandas,Job requires: excel numpy javascript deep learning data cleaning data analysis docker machine learning git,94
Resume skills: ml node python data cleaning excel,Job requires: excel docker git deep learning data analysis azure html c++,80
Resume skills: ml azure data cleaning excel power bi html deep learning machine learning react,Job requires: data analysis react c++ css java pandas html,90
Resume skills: numpy machine learning power bi java ml data cleaning javascript azure docker node,Job requires: ml sql deep learning css react machine learning,68
Resume skills: aws data cleaning git power bi pandas data analysis excel azure sql ml,Job requires: azure javascript deep learning sql git java,42
Resume skills: pandas data cleaning c++ docker machine learning power bi,Job requires: machine learning c++ css power bi sql html node,47
Resume skills: c++ java data analysis excel react docker css,Job requires: html node python react javascript sql git java ml pandas,72
Resume skills: java html react aws ml pandas deep learning data cleaning css docker,Job requires: c++ numpy javascript react machine learning,84
Resume skills: data analysis java aws docker numpy machine learning data cleaning,Job requires: ml machine learning power bi python deep learning docker numpy,30
Resume skills: aws git data analysis numpy sql react deep learning,Job requires: node docker numpy c++ machine learning ml sql power bi python,63
Resume skills: data analysis ml power bi html python javascript deep learning numpy react aws,Job requires: html c++ data analysis azure data cleaning,95
Resume skills: deep learning css ml excel c++ azure,Job requires: aws javascript data cleaning power bi css c++,86
Resume skills: azure ml java react excel git,Job requires: css pandas sql git data cleaning,46
Resume skills: deep learning pandas html node power bi ml excel sql,Job requires: react numpy css data cleaning aws node javascript machine learning,65
Resume skills: power bi deep learning data analysis html aws css,Job requires: power bi machine learning java deep learning azure html,86
Resume skills: git ml html react docker excel,Job requires: html node java aws docker,80
Resume skills: data analysis git azure deep learning numpy python machine learning aws javascript,Job requires: c++ docker java react css aws node numpy javascript,46
Resume skills: aws java git azure python docker pandas deep learning sql,Job requires: docker data cleaning java python ml javascript css deep learning azure,70
Resume skills: sql data cleaning aws java git pandas deep learning,Job requires: numpy power bi deep learning data analysis react,95
Resume skills: numpy azure react aws git deep learning python machine learning data cleaning java,Job requires: excel css numpy git ml power bi node docker aws,80
Resume skills: css pandas azure react sql data analysis,Job requires: data analysis sql data cleaning pandas java docker,69
Resume skills: pandas data cleaning git ml azure data analysis html numpy,Job requires: numpy deep learning java machine learning ml javascript data cleaning pandas,64
Resume skills: java data analysis numpy azure aws docker,Job requires: python machine learning java numpy node aws data cleaning power bi,80
Resume skills: sql react pandas data analysis python,Job requires: python git power bi c++ deep learning,51
Resume skills: react c++ ml deep learning java css git javascript azure pandas,Job requires: data cleaning deep learning machine learning aws numpy node power bi java sql,72
Resume skills: aws pandas machine learning java python,Job requires: react data analysis excel pandas python deep learning,49
Resume skills: pandas sql html data cleaning c++ react css data analysis java deep learning,Job requires: react c++ node power bi html python css data cleaning deep learning azure,47
Resume skills: c++ aws html data cleaning pandas docker power bi excel git machine learning,Job requires: data analysis css aws javascript data cleaning excel,52
Resume skills: html numpy docker python node c++ java git ml,Job requires: machine learning javascript c++ node data analysis css html python,94
Resume skills: deep learning java ml data analysis power bi c++,Job requires: react deep learning python numpy node c++ pandas sql machine learning,75
Resume skills: data cleaning data analysis power bi css javascript aws pandas,Job requires: power bi excel data analysis javascript pandas,58
Resume skills: excel data cleaning javascript docker java c++ css node power bi,Job requires: ml machine learning docker pandas power bi numpy css react aws data analysis,37
Resume skills: azure data analysis docker react numpy html node,Job requires: ml azure sql pandas deep learning python java numpy html react,45
Resume skills: css javascript deep learning git numpy data cleaning,Job requires: power bi git data cleaning numpy html react sql,37
Resume skills: data cleaning numpy git css deep learning data analysis power bi node,Job requires: git numpy ml python react machine learning sql aws javascript,45
Resume skills: excel data cleaning deep learning aws numpy git sql javascript,Job requires: css ml deep learning react numpy,75
Resume skills: css numpy node sql docker javascript html,Job requires: python ml java react numpy docker azure data cleaning data analysis c++,95
Resume skills: c++ html sql node azure,Job requires: azure react c++ data analysis data cleaning docker node power bi git numpy,66
Resume skills: power bi python azure css deep learning,Job requires: ml sql excel css git azure data analysis power bi data cleaning,79
Resume skills: azure ml pandas css aws react power bi data analysis sql data cleaning,Job requires: data analysis python java git css react azure ml,54
Resume skills: numpy react docker machine learning css c++ node,Job requires: numpy git javascript java aws machine learning docker,56
Resume skills: data analysis numpy deep learning azure html,Job requires: ml aws css data analysis pandas numpy,35
Resume skills: css excel numpy deep learning c++ node pandas,Job requires: power bi azure c++ docker ml machine learning excel java,85
Resume skills: machine learning azure power bi java deep learning css c++ node,Job requires: c++ power bi java excel data analysis,38
Resume skills: numpy sql docker data cleaning java javascript pandas data analysis excel node,Job requires: html machine learning css docker deep learning sql data cleaning azure react git,61
Resume skills: azure pandas power bi react git,Job requires: data analysis excel deep learning aws git data cleaning node azure python,60
Resume skills: python pandas html react git,Job requires: data analysis html git css ml deep learning numpy sql javascript power bi,44
Resume skills: aws docker numpy data analysis pandas java css deep learning,Job requires: deep learning java aws azure python,33
Resume skills: c++ java numpy machine learning javascript,Job requires: data analysis power bi java numpy docker html excel,63
Resume skills: data cleaning deep learning power bi python excel html azure numpy machine learning,Job requires: data cleaning ml java css pandas aws,44
Resume skills: git aws docker html sql power bi python data analysis,Job requires: python pandas ml power bi git react machine learning javascript,35
Resume skills: python java data analysis c++ data cleaning sql css azure,Job requires: sql git deep learning css java numpy aws python machine learning c++,85
Resume skills: pandas javascript css deep learning power bi,Job requires: sql azure pandas python c++,84
Resume skills: javascript aws deep learning react pandas java css data cleaning,Job requires: javascript html python data cleaning pandas power bi java,60
Resume skills: node deep learning c++ java numpy,Job requires: aws numpy data analysis java javascript,36
Resume skills: data cleaning python react node html css c++ numpy machine learning,Job requires: excel data cleaning ml deep learning html power bi aws javascript css react,59
Resume skills: sql react docker data cleaning excel azure numpy deep learning,Job requires: excel deep learning react machine learning pandas numpy,55
Resume skills: html power bi excel deep learning numpy sql,Job requires: data analysis sql deep learning pandas c++ html azure node,86
Resume skills: data analysis git c++ python java docker node,Job requires: c++ numpy aws ml deep learning azure,50
Resume skills: c++ javascript git power bi sql pandas java node machine learning,Job requires: pandas data cleaning docker data analysis node numpy css ml machine learning,48
Resume skills: power bi data cleaning excel git azure javascript python machine learning react c++,Job requires: node power bi css python ml sql deep learning c++,45
Resume skills: azure machine learning ml python excel,Job requires: node power bi excel sql java numpy html aws docker,40
Resume skills: sql machine learning html react node css numpy,Job requires: data cleaning docker azure html python excel data analysis c++ css aws,49
Resume skills: data analysis html power bi data cleaning excel pandas c++ javascript,Job requires: aws git docker excel html,51
Resume skills: javascript node react css java data cleaning,Job requires: java azure machine learning deep learning react data analysis python,81
Resume skills: data analysis python machine learning data cleaning excel css,Job requires: javascript aws data analysis power bi html,67
Resume skills: deep learning data cleaning python docker pandas html css,Job requires: react pandas deep learning css javascript,90
Resume skills: python machine learning pandas html css data analysis node excel git deep learning,Job requires: git machine learning pandas java react node deep learning,50
Resume skills: azure node javascript data cleaning power bi pandas numpy,Job requires: git html pandas data analysis data cleaning,54
Resume skills: ml excel sql docker css azure git html,Job requires: deep learning java css data cleaning numpy,34
Resume skills: machine learning git aws pandas excel,Job requires: sql git python javascript power bi excel react machine learning c++ azure,39
Resume skills: python excel power bi git azure numpy aws machine learning html,Job requires: javascript machine learning html react java numpy sql node data analysis docker,91
Resume skills: excel python deep learning java data analysis azure power bi,Job requires: excel numpy sql react javascript machine learning,90
Resume skills: javascript react data analysis docker css excel deep learning java,Job requires: java deep learning react python data analysis c++ data cleaning aws,43
Resume skills: machine learning python css docker azure react data cleaning pandas excel,Job requires: deep learning java react aws pandas sql,57
Resume skills: numpy azure java c++ aws deep learning git,Job requires: docker machine learning css python excel git html,91
Resume skills: node power bi css sql html excel c++ docker deep learning java,Job requires: java react html sql excel power bi,35
Resume skills: git pandas java aws c++ docker sql,Job requires: ml sql machine learning power bi data cleaning aws node c++ deep learning css,60
Resume skills: numpy node data analysis deep learning machine learning power bi,Job requires: ml docker css machine learning data cleaning java power bi,32
Resume skills: java docker machine learning aws pandas data cleaning power bi sql,Job requires: excel c++ power bi node deep learning machine learning css python html,91
Resume skills: sql numpy aws excel python git,Job requires: deep learning pandas data analysis docker html react ml git,31
Resume skills: react javascript c++ sql aws git machine learning azure data analysis,Job requires: react numpy docker c++ node sql,78
Resume skills: css pandas power bi ml react javascript html data cleaning java git,Job requires: data cleaning excel power bi python git node javascript,51
Resume skills: node data cleaning machine learning python aws power bi pandas ml react javascript,Job requires: css ml git sql azure data cleaning c++ java,38
Resume skills: excel aws react deep learning html,Job requires: html numpy excel c++ power bi docker azure machine learning react,65
Resume skills: sql numpy react node aws data analysis html python,Job requires: power bi html java javascript azure,73
Resume skills: git excel azure python javascript node,Job requires: html azure numpy deep learning pandas,79
Resume skills: aws deep learning css sql machine learning azure pandas python c++ react,Job requires: deep learning data cleaning numpy sql data analysis git excel docker,45
Resume skills: power bi python sql data analysis node,Job requires: html numpy ml react deep learning azure aws java,54
Resume skills: azure aws javascript docker node numpy,Job requires: c++ azure ml docker excel sql aws javascript,51
Resume skills: docker css c++ sql excel ml java azure machine learning,Job requires: sql node javascript python git machine learning react azure numpy,55
Resume skills: java c++ power bi data cleaning numpy data analysis,Job requires: css node javascript pandas power bi java c++ html data cleaning,56
Resume skills: java machine learning node git ml sql,Job requires: aws sql machine learning docker power bi azure pandas,61
Resume skills: javascript java pandas machine learning node,Job requires: power bi react data cleaning node python ml c++ numpy,38
Resume skills: docker git excel data cleaning machine learning numpy aws css node,Job requires: html data analysis numpy aws azure pandas excel,72
Resume skills: docker java node ml data analysis deep learning excel power bi pandas azure,Job requires: ml pandas javascript machine learning python deep learning git numpy docker power bi,45
Resume skills: power bi git javascript node java css html,Job requires: sql java javascript css pandas data cleaning html excel,75
Resume skills: html aws sql numpy react c++,Job requires: git react javascript data analysis aws,59
Resume skills: data cleaning power bi azure html docker,Job requires: html machine learning data analysis c++ css,87
Resume skills: azure node html aws deep learning c++ git excel machine learning javascript,Job requires: data cleaning data analysis aws machine learning deep learning node html excel javascript,47
Resume skills: html java ml data cleaning pandas numpy deep learning machine learning sql,Job requires: ml git data cleaning docker c++,83
Resume skills: data cleaning c++ numpy pandas sql,Job requires: node java excel html css python,40
Resume skills: javascript node html excel pandas,Job requires: power bi css data cleaning deep learning node python ml machine learning pandas,81
Resume skills: docker c++ aws react css data cleaning power bi,Job requires: c++ excel react html javascript numpy data analysis,54
Resume skills: aws numpy data cleaning react machine learning git,Job requires: azure pandas numpy html git python deep learning,54
Resume skills: data cleaning java aws python docker html excel,Job requires: javascript sql c++ css deep learning aws machine learning,54
Resume skills: python aws git docker deep learning numpy azure,Job requires: python c++ html css docker,86
Resume skills: pandas ml power bi node html aws css,Job requires: sql numpy git java c++ excel,54
Resume skills: javascript python react data cleaning sql machine learning numpy,Job requires: docker numpy python react javascript data cleaning power bi,92
Resume skills: ml java docker react excel data cleaning python power bi pandas,Job requires: azure machine learning ml excel deep learning data analysis java,82
Resume skills: machine learning git docker numpy deep learning data cleaning javascript,Job requires: javascript java c++ css azure aws data analysis,54
Resume skills: numpy html c++ deep learning power bi ml azure react machine learning data analysis,Job requires: pandas c++ python numpy machine learning aws node excel,83
Resume skills: c++ machine learning java azure html docker javascript git aws sql,Job requires: python java aws pandas azure power bi ml node machine learning javascript,85
Resume skills: machine learning git data analysis power bi html javascript python ml,Job requires: javascript css pandas python power bi docker excel data analysis,75
Resume skills: sql node html css data cleaning,Job requires: git machine learning power bi excel java pandas azure numpy,36
Resume skills: css ml git numpy docker sql,Job requires: excel docker c++ machine learning css git data cleaning,53
Resume skills: machine learning deep learning css azure ml git numpy data cleaning react excel,Job requires: excel html data cleaning data analysis node azure pandas,46
Resume skills: pandas data cleaning power bi java ml git deep learning,Job requires: data analysis power bi docker javascript react python excel java machine learning,62
Resume skills: node c++ docker azure java,Job requires: java deep learning javascript react git css azure,55
Resume skills: docker numpy git java data cleaning html,Job requires: node git html excel c++ python machine learning sql aws react,65
Resume skills: python data cleaning machine learning sql power bi react,Job requires: sql excel react machine learning pandas deep learning data cleaning numpy node html,34
Resume skills: sql git power bi aws react docker data cleaning,Job requires: data cleaning power bi azure data analysis sql python ml excel deep learning git,38
Resume skills: css numpy node docker react java,Job requires: python machine learning c++ ml java azure sql html excel,31
Resume skills: javascript deep learning azure aws react java,Job requires: deep learning docker power bi node machine learning excel java c++ aws,30
Resume skills: numpy deep learning azure sql c++ machine learning pandas node java data cleaning,Job requires: deep learning c++ ml power bi docker css data cleaning html,77
Resume skills: sql ml docker git numpy node c++,Job requires: aws data cleaning sql docker azure machine learning css numpy deep learning,84
Resume skills: machine learning data analysis pandas azure git power bi docker java html,Job requires: data analysis node numpy javascript power bi,42
Resume skills: html numpy react data cleaning machine learning,Job requires: excel docker pandas html git,32
Resume skills: python data cleaning c++ node css deep learning azure javascript,Job requires: data analysis docker numpy deep learning c++,69
Resume skills: react numpy git c++ data cleaning javascript java,Job requires: react html azure docker node numpy pandas data analysis sql,48
Resume skills: ml azure docker numpy data analysis python,Job requires: git pandas numpy node machine learning data cleaning excel c++,68
Resume skills: numpy azure java excel ml css machine learning pandas,Job requires: node numpy sql html data cleaning excel pandas git,93
Resume skills: ml numpy html docker node azure deep learning java,Job requires: git sql javascript docker data cleaning java,47
Resume skills: aws javascript c++ numpy python azure react deep learning,Job requires: c++ css javascript python docker data analysis power bi,30
Resume skills: data cleaning docker java node c++ azure deep learning git data analysis javascript,Job requires: numpy c++ java node power bi deep learning docker css,57
Resume skills: css react html ml java,Job requires: pandas css python html machine learning docker git javascript,79
Resume skills: aws docker power bi excel html data cleaning ml machine learning,Job requires: java numpy html excel python power bi,62
Resume skills: azure ml power bi excel numpy pandas javascript java python,Job requires: python c++ java react azure pandas power bi,51
Resume skills: python pandas azure ml numpy power bi java data analysis,Job requires: html ml excel css azure machine learning data cleaning git,50
Resume skills: ml html c++ data cleaning sql pandas power bi deep learning machine learning javascript,Job requires: azure machine learning pandas numpy css node c++ java sql,58
Resume skills: machine learning azure power bi deep learning sql c++ excel data cleaning,Job requires: power bi ml java data analysis data cleaning git node javascript deep learning,62
Resume skills: python html power bi pandas git c++ excel data analysis react ml,Job requires: css docker java deep learning c++ power bi,58
Resume skills: aws data cleaning html css java react python azure node,Job requires: react power bi aws c++ css azure data analysis deep learning,93
Resume skills: git aws python react data analysis excel machine learning azure c++,Job requires: data analysis numpy machine learning docker java pandas deep learning ml power bi,56
Resume skills: power bi docker git pandas javascript c++ python,Job requires: docker aws node pandas ml excel python css sql,70
Resume skills: aws css data analysis pandas numpy power bi,Job requires: c++ deep learning java react power bi machine learning html data cleaning git,62
Resume skills: python docker javascript html data cleaning node java excel git numpy,Job requires: data cleaning pandas ml numpy azure machine learning sql,84
Resume skills: numpy css python docker power bi sql excel,Job requires: sql react numpy c++ data cleaning deep learning,37
Resume skills: machine learning data analysis html docker ml node git python azure,Job requires: machine learning c++ pandas java python azure,82
Resume skills: deep learning python sql azure numpy css excel,Job requires: c++ machine learning java pandas node html power bi,37
Resume skills: data analysis javascript power bi react machine learning git aws java deep learning html,Job requires: machine learning excel data analysis node javascript html,82
Resume skills: docker sql node data analysis machine learning,Job requires: ml aws deep learning java pandas c++ docker numpy power bi,59
Resume skills: c++ power bi javascript css ml data cleaning html,Job requires: data analysis machine learning python azure numpy,61
Resume skills: azure machine learning pandas javascript css html sql data analysis python git,Job requires: deep learning sql html numpy power bi data analysis java data cleaning react python,49
Resume skills: deep learning docker data analysis java excel,Job requires: ml java azure javascript python,91
Resume skills: javascript power bi pandas react git,Job requires: react javascript git sql ml java node docker,59
Resume skills: pandas machine learning deep learning react sql aws,Job requires: css aws azure excel ml numpy pandas node,78
Resume skills: python c++ deep learning react numpy pandas docker javascript,Job requires: python javascript html aws machine learning data cleaning pandas node css java,63
Resume skills: html machine learning numpy node sql ml,Job requires: ml deep learning python css numpy,60
Resume skills: power bi ml c++ html javascript python node,Job requires: machine learning react pandas aws c++ excel node python docker javascript,72
Resume skills: c++ excel sql machine learning html python power bi data analysis numpy java,Job requires: machine learning javascript python docker ml aws node sql,61
Resume skills: git data cleaning excel data analysis aws java python,Job requires: data analysis python html power bi node azure java ml,63
Resume skills: data analysis numpy git sql css power bi c++ node,Job requires: react css node python ml sql numpy,40
Resume skills: javascript aws java deep learning python excel,Job requires: aws data cleaning machine learning html azure excel,35
Resume skills: data cleaning html numpy deep learning javascript c++ pandas machine learning css node,Job requires: html data cleaning power bi c++ aws node excel ml,46
Resume skills: data cleaning numpy javascript deep learning c++ react data analysis,Job requires: pandas javascript react azure css numpy power bi c++,51
Resume skills: java excel git data cleaning javascript machine learning azure,Job requires: c++ pandas html sql react aws ml excel docker,95
Resume skills: node power bi machine learning c++ azure html pandas,Job requires: javascript pandas sql power bi react data analysis,74
Resume skills: java node css azure pandas numpy,Job requires: javascript c++ git aws data analysis ml power bi docker,77
Resume skills: sql c++ html data cleaning numpy java python ml,Job requires: c++ power bi css numpy git java ml,75
Resume skills: sql aws machine learning docker excel data cleaning,Job requires: aws ml excel pandas docker data cleaning react javascript azure,37
Resume skills: data cleaning react deep learning power bi numpy sql,Job requires: python pandas css java deep learning,66
Resume skills: git python html sql pandas node aws power bi excel,Job requires: numpy react html css machine learning aws python docker ml git,35
Resume skills: azure javascript data cleaning java pandas numpy css power bi data analysis,Job requires: c++ docker deep learning azure data analysis react node javascript aws,83
Resume skills: html pandas excel c++ numpy azure machine learning git python,Job requires: data cleaning numpy c++ deep learning css sql javascript html,78
Resume skills: deep learning power bi numpy aws sql data cleaning node ml,Job requires: html node python git aws sql data cleaning pandas,58
Resume skills: git python css azure aws node c++,Job requires: docker deep learning react javascript java ml python aws,83
Resume skills: machine learning deep learning python aws javascript,Job requires: numpy css git azure node power bi sql javascript ml,39
Resume skills: c++ react docker java css python javascript azure node,Job requires: python aws html data analysis ml numpy,65
Resume skills: aws sql excel deep learning data cleaning,Job requires: python aws docker pandas ml data cleaning css power bi sql,76
Resume skills: excel numpy html css git java c++,Job requires: sql docker python pandas node,60
Resume skills: c++ html aws numpy docker data cleaning python,Job requires: java c++ python machine learning sql css node,57
Resume skills: azure html aws java power bi numpy,Job requires: numpy react node excel c++ machine learning sql pandas,94
Resume skills: data analysis node excel python azure docker,Job requires: javascript docker excel react machine learning css ml,44
Resume skills: numpy data analysis pandas python machine learning deep learning,Job requires: ml aws data analysis numpy python deep learning,87
Resume skills: aws data analysis python azure css,Job requires: pandas git javascript data analysis docker,63
Resume skills: azure machine learning python css ml,Job requires: sql machine learning aws azure data cleaning docker javascript,93
Resume skills: css c++ ml java python aws,Job requires: deep learning azure html data analysis excel aws css,64
Resume skills: data analysis node html git javascript java css,Job requires: sql ml css excel python javascript numpy,45
Resume skills: pandas machine learning react html css excel data cleaning,Job requires: node react html machine learning power bi numpy,50
Resume skills: data analysis python power bi react git docker,Job requires: excel ml html sql power bi azure deep learning git,61
Resume skills: react aws azure c++ excel,Job requires: aws power bi docker ml excel c++ node python pandas git,59
Resume skills: docker react power bi java sql python azure deep learning aws,Job requires: css ml data analysis docker machine learning,49
Resume skills: excel sql ml pandas data analysis css,Job requires: c++ git node ml java,54
Resume skills: pandas docker css data analysis java data cleaning azure power bi git,Job requires: azure c++ git sql javascript data analysis,34
Resume skills: data cleaning machine learning java docker javascript ml,Job requires: deep learning docker azure ml machine learning node python,66
Resume skills: ml data cleaning machine learning deep learning node azure data analysis java numpy excel,Job requires: git react power bi node azure,55
Resume skills: python javascript azure docker aws,Job requires: data cleaning docker data analysis numpy machine learning,57
Resume skills: react numpy python ml html css,Job requires: aws git css numpy excel c++ azure javascript power bi data cleaning,47
Resume skills: java data cleaning ml pandas python node git,Job requires: machine learning azure power bi docker data analysis data cleaning c++ sql,84
Resume skills: data cleaning azure pandas c++ css javascript numpy git machine learning,Job requires: node javascript java ml excel data analysis pandas docker azure deep learning,51
Resume skills: numpy excel docker java power bi node,Job requires: pandas machine learning node power bi c++ python react ml javascript,70
Resume skills: data analysis react html numpy sql,Job requires: azure html excel java node,76
Resume skills: machine learning python aws power bi numpy,Job requires: python git azure react excel power bi machine learning ml sql pandas,44
Resume skills: node pandas data analysis react docker java azure,Job requires: azure numpy node aws docker data analysis git sql python pandas,41
Resume skills: sql python pandas machine learning excel javascript java css power bi ml,Job requires: numpy data cleaning python c++ data analysis sql html deep learning git power bi,46
Resume skills: data cleaning excel machine learning c++ node azure,Job requires: react data analysis ml css excel power bi,90
Resume skills: git data analysis power bi python deep learning azure,Job requires: excel ml numpy power bi python sql pandas deep learning react,64
Resume skills: numpy c++ html node docker,Job requires: react java deep learning css c++ azure,49
Resume skills: excel c++ java python aws node sql javascript html,Job requires: javascript java data analysis c++ aws,38
Resume skills: data analysis aws pandas docker c++ html excel data cleaning sql react,Job requires: aws pandas c++ html react,67
Resume skills: ml html java react deep learning azure data analysis docker machine learning pandas,Job requires: deep learning c++ css aws numpy react power bi git data analysis,40
Resume skills: aws java css c++ javascript react excel python,Job requires: machine learning pandas numpy data analysis c++,32
Resume skills: machine learning python power bi docker pandas excel aws html css javascript,Job requires: deep learning docker react azure pandas node css java c++,88
Resume skills: data analysis javascript power bi docker sql excel azure machine learning c++ deep learning,Job requires: machine learning java c++ node git numpy,46
Resume skills: deep learning css ml azure node sql javascript react,Job requires: docker azure data analysis node deep learning sql css,54
Resume skills: machine learning numpy data analysis pandas data cleaning,Job requires: azure python java html excel c++ data cleaning,58
Resume skills: ml c++ excel docker git python react pandas power bi node,Job requires: data cleaning deep learning html aws docker python git sql data analysis excel,40
Resume skills: deep learning power bi css ml excel,Job requires: excel html python pandas data analysis machine learning react,78
Resume skills: aws css html data analysis react numpy ml,Job requires: node python c++ machine learning css html numpy data cleaning excel azure,45
Resume skills: aws pandas react machine learning deep learning excel git sql c++ javascript,Job requires: numpy java data cleaning python data analysis deep learning node css machine learning azure,53
Resume skills: numpy java git data analysis excel aws docker,Job requires: c++ css ml html data analysis pandas react java azure,68
Resume skills: machine learning excel html azure css deep learning pandas git numpy aws,Job requires: pandas javascript docker machine learning ml git html css data analysis deep learning,53
Resume skills: c++ numpy aws pandas power bi docker,Job requires: html numpy data cleaning css deep learning,53
Resume skills: c++ excel python java pandas deep learning react,Job requires: data analysis react azure node power bi css aws sql,70
Resume skills: git html docker azure power bi machine learning data analysis pandas deep learning javascript,Job requires: aws numpy azure java data cleaning deep learning sql python machine learning,83
Resume skills: docker excel numpy deep learning ml node css c++,Job requires: git java node pandas python css,46
Resume skills: javascript ml node deep learning docker excel java python data analysis react,Job requires: docker aws data cleaning java python machine learning deep learning c++,52
Resume skills: data analysis azure javascript java machine learning aws react ml deep learning,Job requires: javascript c++ docker sql power bi react html python data cleaning deep learning,54
Resume skills: excel react ml data cleaning css c++ javascript pandas machine learning sql,Job requires: numpy docker html machine learning data cleaning ml aws power bi git,49
Resume skills: numpy node pandas python css excel data cleaning aws,Job requires: machine learning azure node java deep learning data analysis pandas sql numpy,35
Resume skills: javascript python java numpy c++ power bi,Job requires: javascript excel aws java git ml numpy power bi html,40
Resume skills: css git sql react data analysis docker pandas excel,Job requires: html aws machine learning c++ javascript css python,52
Resume skills: excel javascript python numpy java azure node git,Job requires: ml react power bi data analysis pandas numpy azure java,47
Resume skills: data cleaning aws excel azure machine learning deep learning ml,Job requires: sql javascript deep learning excel node java,67
Resume skills: css power bi deep learning pandas react docker python data cleaning node,Job requires: pandas azure data cleaning javascript git react excel python aws machine learning,55
Resume skills: deep learning aws machine learning git html python data analysis c++,Job requires: excel deep learning node html git java azure data cleaning machine learning,63
Resume skills: html python node c++ power bi git,Job requires: css data cleaning java azure deep learning sql machine learning ml html,55
Resume skills: power bi pandas html git aws docker javascript,Job requires: node power bi numpy excel python data cleaning,50
Resume skills: c++ power bi node ml numpy java javascript machine learning deep learning,Job requires: css ml sql react aws excel node docker,32
Resume skills: power bi ml node css data cleaning sql javascript deep learning docker numpy,Job requires: power bi git java ml javascript,94
Resume skills: pandas data cleaning aws ml power bi react,Job requires: data cleaning azure machine learning c++ aws numpy,60
Resume skills: pandas data cleaning python data analysis css aws deep learning react html sql,Job requires: sql node deep learning css html pandas docker git,31
Resume skills: sql node pandas power bi java css,Job requires: excel data cleaning java c++ git html power bi sql numpy,33
Resume skills: power bi java ml html react aws machine learning c++ node data analysis,Job requires: git html docker sql node javascript ml azure data cleaning python,81
Resume skills: power bi docker data cleaning numpy pandas html,Job requires: docker react machine learning python css ml java data analysis excel,94
Resume skills: azure sql pandas java ml c++,Job requires: data analysis aws numpy git deep learning sql ml pandas java javascript,35
Resume skills: aws power bi git pandas azure sql ml node data cleaning,Job requires: pandas html excel sql machine learning data analysis node git deep learning ml,51
Resume skills: node java ml html python data cleaning javascript,Job requires: python ml data cleaning deep learning node java numpy data analysis,90
Resume skills: css aws docker machine learning react,Job requires: data analysis java html pandas aws deep learning,62
Resume skills: git sql excel css python data cleaning aws,Job requires: data cleaning html data analysis aws javascript,84
Resume skills: javascript c++ deep learning java docker machine learning git html pandas excel,Job requires: ml css c++ excel numpy machine learning deep learning,72
Resume skills: git azure css node data cleaning deep learning numpy sql ml react,Job requires: pandas data analysis data cleaning css aws sql,62
Resume skills: machine learning pandas html git deep learning azure power bi node,Job requires: ml pandas docker java deep learning power bi,70
Resume skills: data analysis node power bi pandas docker azure html,Job requires: data analysis node c++ aws power bi html java sql git,53
Resume skills: ml pandas data cleaning aws git numpy data analysis power bi c++ deep learning,Job requires: git c++ ml docker excel machine learning javascript data cleaning node react,69
Resume skills: c++ numpy machine learning azure data analysis docker react excel,Job requires: react git python sql css docker deep learning aws java data cleaning,62
Resume skills: data cleaning node pandas numpy deep learning c++ azure aws git,Job requires: node deep learning pandas html react numpy,56
Resume skills: aws machine learning power bi python c++ sql react html,Job requires: node machine learning python java excel,47
Resume skills: c++ machine learning deep learning css node azure numpy,Job requires: git html python javascript java pandas,88
Resume skills: node machine learning deep learning azure javascript css aws,Job requires: aws python c++ data cleaning azure machine learning ml,74
Resume skills: excel java machine learning c++ html css sql pandas node react,Job requires: power bi javascript data analysis excel ml node machine learning,39
Resume skills: pandas java numpy excel machine learning c++ data cleaning git,Job requires: machine learning azure excel python data analysis css sql java numpy node,58
Resume skills: html data analysis deep learning aws css pandas azure react,Job requires: excel javascript css data analysis html,31
Resume skills: machine learning python data cleaning aws pandas data analysis numpy power bi azure,Job requires: data analysis excel java react data cleaning ml css git aws,62
Resume skills: deep learning react data analysis sql docker java git css numpy,Job requires: javascript react css sql azure excel data analysis machine learning html,90
Resume skills: numpy azure git css sql power bi ml docker,Job requires: data cleaning excel power bi docker azure node machine learning javascript,53
Resume skills: html c++ machine learning data cleaning react data analysis azure python ml,Job requires: git numpy python pandas deep learning,63
Resume skills: git c++ react power bi data analysis css excel data cleaning,Job requires: python azure power bi react aws excel ml c++ machine learning,65
Resume skills: react sql ml machine learning aws,Job requires: git html python javascript excel azure,88
Resume skills: java c++ sql machine learning data analysis python,Job requires: data cleaning excel ml javascript css git aws,77
Resume skills: excel c++ java data analysis sql javascript data cleaning css react ml,Job requires: git machine learning data cleaning ml pandas python node deep learning,89
Resume skills: excel aws deep learning machine learning node azure,Job requires: c++ java azure excel python react numpy css pandas,60
Resume skills: azure sql deep learning react c++ html machine learning power bi excel data cleaning,Job requires: sql java machine learning ml power bi react numpy node css,80
Resume skills: html python css node sql java,Job requires: git pandas css docker numpy power bi react data cleaning,40
Resume skills: machine learning c++ numpy ml docker aws sql java data cleaning css,Job requires: css c++ git power bi javascript docker pandas azure aws java,74
Resume skills: css react deep learning pandas python numpy javascript c++ sql node,Job requires: excel sql css data analysis react data cleaning machine learning deep learning docker,93
Resume skills: react node azure power bi docker git ml,Job requires: deep learning html react ml pandas,62
Resume skills: machine learning react aws css git sql,Job requires: deep learning sql git power bi data analysis javascript node c++ excel aws,30
Resume skills: javascript node aws sql git pandas docker c++ ml java,Job requires: numpy data cleaning sql c++ power bi aws react,90
Resume skills: deep learning machine learning sql python git javascript,Job requires: python excel javascript azure aws data analysis,47
Resume skills: numpy data analysis python git html machine learning node aws,Job requires: react machine learning numpy sql data cleaning,53
Resume skills: excel pandas ml css data cleaning node,Job requires: excel power bi deep learning javascript react,52
Resume skills: c++ aws python ml power bi java react,Job requires: machine learning c++ docker git sql java ml aws power bi pandas,92
Resume skills: deep learning sql css c++ git react numpy,Job requires: python node css docker html deep learning,42
Resume skills: javascript python power bi machine learning c++ azure,Job requires: data analysis azure css python docker aws react deep learning node,34
Resume skills: deep learning data cleaning machine learning data analysis power bi pandas java git node,Job requires: git c++ data cleaning excel deep learning aws machine learning numpy,40
Resume skills: python pandas c++ power bi java,Job requires: deep learning git machine learning azure sql,48
Resume skills: c++ ml python node css,Job requires: data cleaning react css docker machine learning,78
Resume skills: java sql ml react data analysis python,Job requires: css data analysis node git ml,62
Resume skills: java docker python numpy git pandas,Job requires: javascript python node numpy git azure,33
Resume skills: docker numpy machine learning node aws python javascript power bi azure sql,Job requires: c++ javascript css pandas data analysis react,89
Resume skills: machine learning docker azure data analysis javascript deep learning power bi node,Job requires: css azure excel deep learning git data analysis ml sql numpy aws,45
Resume skills: data cleaning javascript git react html data analysis sql excel node docker,Job requires: css azure power bi data cleaning git deep learning excel node python html,82
Resume skills: javascript data cleaning sql java aws deep learning node c++ excel,Job requires: azure html data analysis data cleaning css aws,39
Resume skills: git html deep learning ml sql data analysis react excel java javascript,Job requires: data analysis numpy power bi aws docker git python pandas,79
Resume skills: azure css react numpy javascript pandas,Job requires: java excel git c++ power bi docker pandas,35
Resume skills: ml sql git html data cleaning react data analysis azure excel,Job requires: sql data analysis react machine learning power bi java,92
Resume skills: sql ml pandas c++ docker html,Job requires: react aws excel sql javascript data analysis pandas docker,75
Resume skills: power bi aws git deep learning node data cleaning,Job requires: docker numpy python java css data analysis power bi,61
Resume skills: css aws data analysis ml pandas azure data cleaning html,Job requires: node react azure sql python aws docker java numpy,53
Resume skills: python data analysis deep learning docker react pandas,Job requires: azure docker pandas numpy ml sql excel,42
Resume skills: data cleaning python node data analysis java,Job requires: css excel data cleaning pandas javascript,71
Resume skills: react javascript docker numpy python,Job requires: html c++ node docker azure java,46
Resume skills: react excel docker machine learning css numpy git sql deep learning javascript,Job requires: node ml pandas machine learning excel c++ javascript deep learning,59
Resume skills: c++ react aws excel machine learning,Job requires: machine learning data cleaning css power bi numpy,78
Resume skills: docker pandas java machine learning data cleaning git sql numpy c++ azure,Job requires: css node docker data analysis sql data cleaning,41
Resume skills: machine learning c++ azure power bi react css,Job requires: c++ docker css numpy html,69
Resume skills: c++ deep learning git html pandas css aws docker,Job requires: pandas sql ml numpy deep learning html azure,76
Resume skills: node css pandas data analysis javascript deep learning python,Job requires: java ml pandas deep learning git data analysis docker sql,39
Resume skills: ml python machine learning docker react deep learning sql c++,Job requires: data analysis sql numpy ml c++ docker python,32
Resume skills: java excel docker css javascript aws azure deep learning,Job requires: aws css java deep learning pandas data analysis python c++,88
Resume skills: java numpy javascript azure c++ excel,Job requires: excel azure html machine learning numpy power bi sql javascript aws,60
Resume skills: data analysis excel git machine learning numpy docker react power bi,Job requires: excel aws css sql machine learning deep learning python,61
Resume skills: pandas numpy sql excel machine learning,Job requires: react node html docker pandas data analysis data cleaning machine learning azure,95
Resume skills: deep learning aws pandas docker c++ power bi numpy html machine learning,Job requires: java pandas sql git excel aws machine learning node azure deep learning,88
Resume skills: ml azure python machine learning css node excel data analysis pandas c++,Job requires: c++ react html numpy git azure data cleaning,68
Resume skills: azure data cleaning deep learning c++ pandas,Job requires: pandas data cleaning python html azure sql machine learning javascript power bi,77
Resume skills: pandas java power bi sql git deep learning docker node excel,Job requires: html python javascript c++ numpy docker power bi node,49
Resume skills: sql aws pandas excel git javascript,Job requires: ml css numpy html power bi react,94
Resume skills: react c++ java sql html css pandas numpy node data cleaning,Job requires: numpy docker data analysis ml deep learning,92
Resume skills: docker azure node numpy python pandas machine learning aws ml javascript,Job requires: c++ docker pandas javascript html azure,51
Resume skills: html node css python ml,Job requires: c++ power bi react data cleaning machine learning sql,50
Resume skills: excel machine learning deep learning python power bi aws html numpy c++,Job requires: azure pandas python css docker javascript,61
Resume skills: data analysis docker node git react aws,Job requires: data cleaning c++ react excel ml,91
Resume skills: numpy docker azure machine learning python css ml,Job requires: data cleaning node docker machine learning react python excel power bi data analysis,73
Resume skills: react excel java ml machine learning power bi c++ data analysis,Job requires: html docker deep learning css javascript sql react,36
Resume skills: java azure javascript docker machine learning react css pandas data analysis git,Job requires: sql python machine learning pandas data cleaning c++ ml java data analysis,94
Resume skills: git python excel power bi data cleaning deep learning docker,Job requires: numpy azure power bi aws ml c++ node deep learning data cleaning data analysis,33
Resume skills: machine learning sql html aws c++,Job requires: pandas css docker python html node javascript ml machine learning sql,58
Resume skills: sql ml docker css data cleaning excel,Job requires: data cleaning power bi data analysis deep learning python,36
Resume skills: node power bi pandas java c++ sql python ml,Job requires: css docker azure numpy sql excel aws ml,31
Resume skills: power bi sql numpy excel deep learning html git aws data analysis,Job requires: c++ python data analysis data cleaning deep learning node css azure html excel,53
Resume skills: css excel azure ml docker,Job requires: deep learning react docker java node python excel azure,85
Resume skills: python azure git power bi css c++ javascript sql data analysis react,Job requires: javascript numpy machine learning data cleaning aws,57
Resume skills: sql pandas power bi data cleaning c++ java,Job requires: ml aws data cleaning node html azure git javascript docker,58
Resume skills: azure html excel sql css deep learning,Job requires: css machine learning c++ sql html react,73
Resume skills: machine learning react data analysis data cleaning css javascript html java,Job requires: ml react data analysis sql machine learning azure,44
Resume skills: sql javascript data analysis css html deep learning power bi,Job requires: sql c++ deep learning html power bi data cleaning,89
Resume skills: sql css c++ power bi git javascript numpy python,Job requires: machine learning java pandas c++ javascript sql azure react data analysis,73
Resume skills: html docker azure java power bi data cleaning node react numpy,Job requires: git c++ deep learning ml excel azure pandas javascript java,31
Resume skills: css deep learning react node machine learning,Job requires: azure power bi git data analysis aws machine learning data cleaning python,95
Resume skills: azure power bi c++ git deep learning,Job requires: numpy azure docker data analysis javascript deep learning,85
Resume skills: python numpy node ml git pandas sql,Job requires: pandas excel azure c++ power bi,85
Resume skills: data analysis ml deep learning machine learning git power bi azure,Job requires: excel pandas numpy docker aws sql css react data cleaning html,80
Resume skills: html data cleaning c++ azure power bi javascript css ml sql,Job requires: c++ sql deep learning data cleaning html node azure,39
Resume skills: pandas sql ml machine learning javascript python data analysis,Job requires: data analysis react machine learning c++ css ml aws numpy pandas,81
Resume skills: aws node javascript azure java sql react c++ html,Job requires: deep learning python java css c++ git numpy node azure power bi,68
Resume skills: aws docker numpy python deep learning git sql java,Job requires: java pandas node javascript azure ml,93
Resume skills: machine learning java aws python deep learning html c++ data analysis react node,Job requires: deep learning ml java css javascript python power bi,49
Resume skills: data cleaning node c++ javascript ml deep learning react pandas excel,Job requires: git machine learning data cleaning html ml python c++,55
Resume skills: data analysis data cleaning java deep learning excel,Job requires: pandas git numpy sql react power bi java javascript docker,34
Resume skills: ml git deep learning azure node,Job requires: docker css data cleaning aws git power bi azure machine learning data analysis,33
Resume skills: data analysis python react aws git javascript,Job requires: aws pandas deep learning docker react sql c++ data cleaning,87
Resume skills: java data cleaning python numpy aws docker pandas c++ css git,Job requires: excel data cleaning sql react docker,85
Resume skills: sql python javascript numpy power bi c++ html react azure,Job requires: javascript pandas aws excel java power bi azure css,77
Resume skills: docker css deep learning react aws ml azure pandas javascript,Job requires: excel power bi react data analysis pandas numpy node data cleaning c++,79
Resume skills: java data analysis machine learning react pandas numpy css node azure data cleaning,Job requires: deep learning azure docker java aws html python data analysis,95
Resume skills: azure power bi aws deep learning java,Job requires: aws react data analysis java machine learning node data cleaning c++ pandas,54
Resume skills: java power bi c++ data analysis aws javascript html pandas,Job requires: ml docker c++ data cleaning git java azure deep learning node,40
Resume skills: docker azure css javascript git aws html sql power bi python,Job requires: azure ml machine learning numpy pandas,44
Resume skills: data analysis data cleaning react excel docker node sql,Job requires: azure machine learning node deep learning numpy aws power bi,54
Resume skills: data cleaning pandas python azure deep learning machine learning ml,Job requires: sql numpy pandas python html git javascript power bi deep learning data cleaning,30
Resume skills: java machine learning pandas power bi numpy node javascript c++ excel html,Job requires: css sql react azure git ml java machine learning,87
Resume skills: deep learning pandas python c++ css azure node docker data analysis,Job requires: node azure html pandas javascript react css docker numpy,40
Resume skills: sql javascript node java numpy docker data analysis,Job requires: machine learning docker excel data analysis aws data cleaning pandas html,64
Resume skills: ml c++ data cleaning sql html,Job requires: css data cleaning pandas ml docker excel deep learning java machine learning,37
Resume skills: data analysis machine learning aws data cleaning ml,Job requires: data analysis css excel java html c++ azure data cleaning,82
Resume skills: docker html power bi javascript numpy node c++ sql css excel,Job requires: pandas javascript java azure docker machine learning html power bi python,64
Resume skills: deep learning excel javascript html aws sql,Job requires: docker git python deep learning c++ react ml html,45
Resume skills: c++ git excel aws react,Job requires: pandas machine learning azure excel aws,88
Resume skills: deep learning data cleaning css numpy sql,Job requires: git python excel c++ java docker,44
Resume skills: pandas data analysis javascript machine learning python numpy java,Job requires: css power bi aws pandas c++ git machine learning,69
Resume skills: azure pandas docker data cleaning python java machine learning numpy git,Job requires: css java deep learning node ml,91
Resume skills: data analysis react java ml aws azure deep learning pandas docker sql,Job requires: data cleaning git deep learning machine learning css node,72
Resume skills: c++ react deep learning excel azure,Job requires: docker data analysis ml css python javascript data cleaning,79
Resume skills: ml sql c++ docker node pandas numpy,Job requires: sql ml pandas html azure java javascript aws,43
Resume skills: numpy html azure pandas javascript sql css power bi excel python,Job requires: java git javascript data analysis numpy azure docker c++,30
Resume skills: css python power bi c++ react aws node data cleaning data analysis azure,Job requires: excel pandas azure react sql html,84
Resume skills: python git machine learning css ml pandas data analysis power bi,Job requires: deep learning numpy css data analysis excel,81
Resume skills: pandas css aws react git power bi java javascript,Job requires: excel html data analysis sql react numpy aws,44
Resume skills: javascript python ml deep learning azure node numpy git,Job requires: java css python git numpy data cleaning azure,76
Resume skills: react javascript azure node aws c++ numpy sql git,Job requires: git java data cleaning excel sql docker data analysis c++ aws,62
Resume skills: ml java power bi machine learning c++ pandas azure javascript,Job requires: aws ml excel power bi deep learning pandas machine learning sql data analysis,79
Resume skills: node aws machine learning javascript numpy data analysis power bi excel deep learning,Job requires: docker javascript java css pandas,48
Resume skills: excel c++ machine learning javascript node react azure,Job requires: c++ javascript git power bi excel,94
Resume skills: javascript excel data analysis numpy java html pandas react,Job requires: c++ data cleaning deep learning git azure data analysis html css,95
Resume skills: html c++ sql power bi aws,Job requires: c++ aws data cleaning python ml html power bi deep learning numpy data analysis,88
Resume skills: data cleaning java aws data analysis pandas python git,Job requires: python deep learning html java react data analysis,59
Resume skills: numpy deep learning aws react css java sql node data cleaning git,Job requires: node git docker power bi c++ machine learning html numpy,95
Resume skills: azure react machine learning data analysis aws javascript,Job requires: azure data cleaning docker c++ machine learning html data analysis aws excel,94
Resume skills: pandas react python javascript docker machine learning ml,Job requires: java css ml power bi docker excel,69
Resume skills: azure numpy pandas deep learning power bi excel machine learning ml git python,Job requires: machine learning numpy docker ml git excel,32
Resume skills: java html react ml excel machine learning pandas data analysis aws docker,Job requires: react docker pandas deep learning power bi c++ data analysis git ml numpy,85
Resume skills: c++ java azure deep learning pandas html aws data analysis javascript,Job requires: docker pandas excel azure ml c++ machine learning,54
Resume skills: node machine learning power bi python data cleaning java git css docker,Job requires: excel azure aws sql power bi machine learning java html,78
Resume skills: react node deep learning aws docker numpy,Job requires: ml python java c++ aws data analysis data cleaning css,58
Resume skills: javascript sql node power bi machine learning,Job requires: azure css node deep learning docker numpy,32
Resume skills: data analysis react css aws machine learning,Job requires: c++ deep learning docker aws html pandas javascript machine learning sql,52
Resume skills: machine learning node c++ ml deep learning javascript excel,Job requires: power bi react node machine learning azure excel java,85
Resume skills: git java react numpy data cleaning python machine learning html aws javascript,Job requires: docker sql data analysis ml power bi git c++,64
Resume skills: python sql numpy docker excel aws git node react,Job requires: machine learning power bi azure react c++,70
Resume skills: sql data cleaning html javascript ml aws power bi docker data analysis java,Job requires: css pandas azure docker react java data analysis html power bi,66
Resume skills: react data analysis python numpy pandas docker deep learning data cleaning machine learning javascript,Job requires: node data cleaning pandas machine learning numpy c++ python,41
Resume skills: react sql power bi node css,Job requires: pandas numpy data analysis excel machine learning,36
Resume skills: git node c++ azure docker numpy data cleaning,Job requires: html docker sql react aws python,50
Resume skills: data cleaning pandas react power bi docker css java,Job requires: data cleaning react deep learning data analysis java javascript azure ml sql node,58
Resume skills: ml html sql docker deep learning excel node pandas azure,Job requires: python aws numpy machine learning css javascript data analysis power bi java,45
Resume skills: html ml node javascript docker git sql aws pandas power bi,Job requires: deep learning power bi git node ml,41
Resume skills: git data analysis aws power bi node numpy,Job requires: react power bi aws node python ml azure html,44
Resume skills: ml power bi node data cleaning css html machine learning deep learning,Job requires: docker data cleaning pandas power bi node machine learning azure numpy aws css,52
Resume skills: data analysis ml machine learning html aws,Job requires: aws node javascript docker react git,67
Resume skills: python aws docker sql git data analysis azure,Job requires: html sql ml azure data analysis power bi,86
Resume skills: ml sql excel java node pandas,Job requires: c++ sql azure html deep learning,75
Resume skills: react pandas c++ machine learning python,Job requires: data cleaning excel ml node numpy power bi c++,30
Resume skills: c++ sql java aws docker javascript deep learning ml power bi,Job requires: javascript css pandas numpy excel machine learning,31
Resume skills: data cleaning c++ numpy azure machine learning,Job requires: sql pandas power bi git ml numpy data cleaning data analysis,76
Resume skills: git ml machine learning azure data cleaning html c++ node docker python,Job requires: deep learning aws css python html azure ml,38
Resume skills: sql numpy javascript java python,Job requires: machine learning node sql deep learning data analysis power bi react,86
Resume skills: javascript deep learning docker aws sql git data analysis c++,Job requires: deep learning data analysis python node power bi numpy ml docker git,64
Resume skills: html ml git data cleaning aws c++ data analysis javascript sql python,Job requires: azure css machine learning numpy ml,86
Resume skills: deep learning azure node ml react sql excel css,Job requires: pandas power bi docker html ml,62
Resume skills: pandas data cleaning python azure data analysis git javascript machine learning,Job requires: data cleaning javascript react pandas node git numpy excel docker,69
Resume skills: power bi azure docker pandas react data analysis git numpy,Job requires: machine learning excel aws css html react c++ node power bi java,41
Resume skills: docker ml data cleaning javascript aws,Job requires: sql css docker javascript java python machine learning deep learning,61
Resume skills: data cleaning data analysis sql html machine learning,Job requires: sql numpy power bi deep learning data cleaning,69
